region,locations
region_0,location_1|location_2|location_3|location_4|location_5
region_1,location_6|location_7|location_8|location_9|location_10
region_2,location_11|location_12|location_13|location_14|location_15
region_3,location_16|location_17|location_18|location_19|location_20
region_4,location_21|location_22|location_23|location_24|location_25
region_5,location_26|location_27|location_28|location_29|location_30
region_6,location_31|location_32|location_33|location_34|location_35
region_7,location_36|location_37|location_38|location_39|location_40
region_8,location_41|location_42|location_43|location_44|location_45
region_9,location_46|location_47|location_48|location_49|location_50